obs,Customer,Please indicate how important the following factors are when you visit a restaurant  - Convenient place to eat,Please indicate how important the following factors are when you visit a restaurant  - Variety of menu options,Please indicate how important the following factors are when you visit a restaurant  - Good value for money,Please indicate how important the following factors are when you visit a restaurant  - Healthy menu options,Please indicate how important the following factors are when you visit a restaurant  - Food taste and satisfaction,Please indicate how important the following factors are when you visit a restaurant  - Friendly staff,Please indicate how important the following factors are when you visit a restaurant  - Pleasant ambiance,Please indicate how important the following factors are when you visit a restaurant  - Consistency / reliability,Please indicate how important the following factors are when you visit a restaurant  - Part of community,What is your gender?,What is your age?,What is your approximate average annual household income?,"How many children, by age, currently live in your household? - less than 12 years old","How many children, by age, currently live in your household? - 12-17 years old","How many children, by age, currently live in your household? - 18 and older",What is your profession? - Accountant,What is your profession? - Lawyer,What is your profession? - General purpose contractor,What is your profession? - Design,What is your profession? - Educator,What is your profession? - Homemaker,What is your profession? - Business professional,In what activities or hobbies do you participate yourself? - Volunteer work,In what activities or hobbies do you participate yourself? - Tennis,In what activities or hobbies do you participate yourself? - Swimming,In what activities or hobbies do you participate yourself? - Skiing / snow boarding,In what activities or hobbies do you participate yourself? - Running,In what activities or hobbies do you participate yourself? - Hiking,In what activities or hobbies do you participate yourself? - Golf,In what activities or hobbies do you participate yourself? - Gardening,In what activities or hobbies do you participate yourself? - Fishing,In what activities or hobbies do you participate yourself? - Camping,In what activities or hobbies do you participate yourself? - Bicycling,In what activities or hobbies do you participate yourself? - Yoga,In what activities or hobbies do you participate yourself? - Book clubs,In what activities or hobbies do you participate yourself? - Eating out,In what activities or hobbies do you participate yourself? - Attending local sports events,In what activities or hobbies do you participate yourself? - Visiting museums,In what activities or hobbies do you participate yourself? - Kid's activities
5,0,1,1,1,2,1,2,4,4,5,1,2,1,0,0,0,0,0,0,0,0,0,1,0,0,0,0,1,0,0,0,0,0,0,0,0,0,0,0,0
17,0,1,2,1,1,1,2,2,1,2,1,2,2,2,1,0,0,0,0,1,0,0,0,0,0,0,0,0,0,0,0,0,0,0,0,0,1,1,0,1
29,0,2,2,2,2,1,2,2,1,1,2,2,2,0,0,0,0,0,0,0,1,0,0,1,0,0,0,1,0,0,0,0,0,1,1,0,1,0,0,0
107,0,1,2,1,4,1,1,1,1,1,1,1,2,0,0,3,0,0,0,0,0,0,1,0,0,0,0,0,0,0,0,0,0,0,0,0,1,0,0,0
124,0,1,2,1,2,1,2,2,2,3,1,3,1,0,1,1,0,0,0,0,1,0,0,1,0,0,0,0,0,0,0,0,0,0,1,0,0,0,0,0
135,0,1,1,1,1,1,1,1,2,2,1,2,1,0,0,0,0,0,0,0,0,0,1,0,0,0,0,1,0,0,0,0,1,0,1,0,0,0,0,0
140,0,2,1,1,2,1,1,2,1,3,1,3,1,0,0,0,0,0,0,0,0,0,1,0,0,1,0,0,0,0,1,0,0,0,0,0,1,0,1,0
143,0,2,3,1,2,2,2,2,2,2,1,3,1,0,0,1,0,0,0,0,0,1,0,0,0,0,0,0,0,0,1,0,0,0,0,0,0,0,0,0
192,0,2,2,2,1,1,1,1,1,1,1,4,1,0,0,0,0,0,0,0,0,0,1,0,0,0,0,0,0,0,1,0,0,0,0,0,0,0,0,0
201,0,1,1,1,1,1,2,1,1,1,1,3,1,0,0,0,0,0,0,0,1,0,0,1,0,0,0,0,0,0,0,0,0,0,0,1,1,0,1,0
240,0,1,2,1,5,1,2,2,1,3,1,3,1,0,1,1,0,0,0,0,0,1,0,0,0,0,0,0,0,0,0,0,0,0,0,0,1,0,0,0
261,0,2,1,1,1,2,2,2,2,4,1,4,2,0,0,0,0,0,0,0,0,0,1,1,0,1,0,0,0,0,1,0,0,0,0,1,1,1,1,1
266,0,1,1,1,1,1,1,1,1,1,1,3,1,0,0,0,0,0,0,0,0,1,0,1,0,1,0,0,0,0,1,1,0,0,0,0,1,0,1,0
32,0,1,1,1,2,1,1,1,1,1,1,2,1,3,0,0,0,0,0,0,1,0,0,0,0,0,0,0,0,0,0,0,0,0,0,0,0,0,0,1
46,0,1,2,1,3,1,1,1,1,2,1,2,1,0,0,0,0,0,0,0,0,0,1,0,0,1,0,0,0,0,1,1,0,0,0,0,0,0,0,0
49,0,1,2,1,1,1,1,2,1,2,1,2,3,0,0,0,0,0,0,0,0,0,1,1,0,1,0,0,1,0,0,1,1,0,0,0,1,1,1,0
68,0,1,1,1,2,1,2,2,1,5,1,1,2,1,0,0,0,0,0,0,1,0,0,1,0,0,0,0,0,0,0,0,0,1,0,0,0,0,1,0
87,0,1,2,1,1,1,1,2,1,2,1,2,1,0,0,0,0,0,1,0,0,0,0,0,0,0,0,0,0,0,0,0,0,0,0,1,0,0,0,0
89,0,1,2,1,2,1,1,1,1,3,1,1,1,0,0,0,0,0,0,0,0,1,0,1,1,1,0,1,0,0,0,0,0,0,0,0,1,1,0,1
90,0,1,1,1,2,1,2,2,1,2,1,1,2,0,1,3,0,0,0,0,0,1,0,1,0,0,0,1,1,0,0,0,0,0,0,0,1,1,0,0
95,0,1,1,1,1,1,1,1,1,1,1,2,1,3,0,0,0,0,0,0,0,1,0,0,0,0,0,0,0,0,0,0,0,0,0,0,0,0,1,1
99,0,1,2,1,1,1,2,2,1,1,1,3,1,0,0,0,1,0,0,1,1,1,1,0,0,1,0,0,0,1,0,0,0,0,1,1,1,0,0,0
103,0,1,1,1,2,1,1,2,1,2,1,3,1,0,0,0,0,0,0,0,0,1,0,0,0,0,0,0,0,0,0,0,0,0,0,0,1,0,0,0
113,0,1,1,1,3,1,1,2,2,3,1,2,2,1,2,0,0,0,1,0,0,0,0,0,0,0,0,0,0,0,0,0,0,0,0,0,1,1,0,1
125,0,2,1,1,2,1,2,2,1,2,1,1,1,0,0,3,0,0,0,0,0,0,1,1,0,1,0,0,0,0,0,0,0,0,0,0,1,0,1,0
126,0,3,3,3,3,3,3,3,3,3,1,3,1,0,1,0,0,0,0,0,1,0,0,0,0,1,0,0,0,0,0,0,0,0,0,0,1,1,0,0
127,0,1,1,2,2,2,2,2,2,2,1,2,2,2,1,0,0,0,0,0,0,0,1,0,0,0,0,0,0,0,0,0,0,0,0,0,0,0,0,1
138,0,2,2,3,3,1,3,3,2,5,1,2,3,1,0,0,0,0,0,0,0,0,1,0,0,0,0,0,0,0,0,0,0,0,0,0,0,0,0,1
144,0,2,1,1,1,1,1,1,2,1,1,3,2,0,0,0,0,0,0,0,0,1,0,1,0,1,0,0,0,0,0,0,0,0,0,0,1,0,1,0
148,0,1,2,1,5,1,3,3,3,5,2,2,2,1,0,0,0,0,1,0,0,0,1,0,0,0,0,0,0,0,0,1,0,0,0,0,0,0,0,0
149,0,2,2,1,2,1,2,2,1,3,1,3,3,0,0,0,0,0,0,0,0,0,1,0,1,0,0,0,0,0,0,0,0,0,0,0,0,0,0,0
154,0,2,2,2,2,2,2,2,2,2,1,3,2,1,0,1,0,0,0,0,0,0,1,0,0,0,0,0,0,0,0,0,0,0,0,0,1,0,0,0
160,0,1,1,1,3,1,2,2,1,2,1,3,1,2,1,0,0,0,0,0,0,1,0,0,0,0,0,0,0,0,0,0,1,0,0,0,0,0,0,0
173,0,2,1,1,3,1,2,2,1,3,1,1,1,0,0,0,0,0,0,0,1,0,0,0,0,1,0,0,0,0,0,1,1,0,0,1,1,0,1,0
176,0,1,1,1,2,1,1,1,1,1,1,3,1,0,0,0,0,0,0,0,0,1,0,0,0,0,0,0,0,0,1,0,0,0,0,1,0,0,0,0
177,0,1,2,1,1,1,1,1,1,1,1,4,1,0,0,0,0,0,0,0,0,0,1,0,0,1,0,0,0,0,0,0,0,0,0,0,1,1,0,1
178,0,2,2,3,1,1,1,1,1,2,1,3,3,0,0,0,0,0,0,0,0,0,1,0,0,0,0,0,0,0,0,0,0,0,0,0,1,1,0,0
180,0,1,2,1,2,1,2,2,1,2,1,3,1,0,0,1,0,0,0,0,1,0,0,0,0,0,0,0,0,0,1,0,1,0,0,0,1,0,0,0
220,0,2,2,1,2,2,2,3,2,2,2,3,3,0,0,0,0,0,0,0,0,0,1,1,0,0,0,0,0,0,0,0,0,0,0,0,0,0,0,0
239,0,2,1,1,1,1,1,1,1,1,1,2,3,1,0,0,0,0,0,0,0,1,0,0,0,1,0,0,0,0,0,0,0,0,0,1,1,1,1,1
243,0,1,2,2,1,1,2,2,1,3,1,3,3,0,0,0,0,0,0,0,0,0,1,1,0,0,0,1,1,0,1,0,0,0,0,0,1,0,1,0
244,0,2,1,1,2,1,1,1,1,2,1,1,3,0,1,0,0,0,0,0,1,0,0,1,0,0,0,0,1,0,0,0,0,0,0,0,1,1,1,0
251,0,1,2,1,3,1,1,3,2,3,2,3,2,0,0,0,0,0,1,0,0,0,0,0,0,0,0,0,0,0,1,0,0,0,0,0,0,0,0,0
252,0,2,3,1,1,1,1,1,1,5,1,3,1,0,0,0,0,0,0,0,0,1,0,1,0,0,0,0,1,0,1,0,0,0,0,0,0,0,0,0
26,0,1,2,2,2,1,1,2,1,2,2,3,3,0,0,1,0,0,0,0,0,0,1,1,1,1,0,1,0,1,1,1,1,1,0,0,1,1,1,1
40,0,2,2,1,1,1,1,2,2,2,1,1,1,1,0,0,0,0,0,1,0,0,0,0,0,1,0,0,0,0,0,0,0,0,0,0,1,0,0,0
42,0,2,2,1,1,2,2,2,2,2,1,2,2,1,0,0,0,0,0,0,1,0,0,1,0,0,0,1,0,0,0,0,0,0,0,1,0,1,0,1
52,0,1,2,1,3,1,1,2,3,3,2,1,1,0,2,0,0,0,0,0,0,0,1,1,0,0,0,0,0,0,0,1,0,0,0,0,0,0,0,0
60,0,2,1,1,4,1,1,2,2,2,1,3,1,0,0,0,0,0,0,0,0,0,1,1,0,0,0,0,1,0,0,0,0,0,0,1,1,0,1,0
62,0,2,2,1,5,1,2,2,2,3,1,3,1,0,0,0,1,0,0,0,0,0,0,0,0,0,0,0,0,0,0,0,0,0,0,0,1,0,1,0
73,0,1,1,1,3,1,2,2,1,3,2,3,2,0,0,0,0,0,0,0,0,0,1,0,0,0,0,0,0,0,0,0,0,0,0,1,0,0,0,0
88,0,2,1,1,2,1,1,1,1,2,1,3,1,0,1,0,0,0,0,0,0,1,0,0,0,0,0,0,0,0,1,1,1,0,0,0,1,0,0,1
94,0,1,2,1,2,2,2,2,2,1,1,3,1,0,0,0,0,0,0,1,0,0,0,0,0,0,0,0,1,0,0,0,0,0,0,0,0,0,0,0
111,0,3,2,2,3,1,1,1,1,3,1,3,3,1,0,1,0,0,0,0,1,0,0,0,0,0,0,0,0,0,0,0,0,0,0,0,0,0,0,1
112,0,1,1,1,1,1,1,2,2,3,1,3,2,0,0,0,0,0,0,0,0,1,0,0,0,0,0,0,0,0,0,0,0,0,1,0,0,1,0,0
115,0,2,1,1,1,1,1,1,1,1,2,3,2,0,0,0,0,0,0,0,0,0,1,0,0,0,0,0,1,1,1,1,1,0,0,0,0,0,0,0
119,0,1,1,2,2,1,1,1,2,2,1,2,2,1,1,2,0,0,0,0,0,1,0,0,1,1,0,0,0,0,0,0,0,0,0,0,0,0,0,0
123,0,1,1,1,3,1,1,2,1,3,1,2,2,1,0,0,0,0,0,0,0,0,1,0,0,0,0,0,0,0,0,0,0,0,0,0,1,0,0,0
129,0,2,2,1,1,1,2,2,2,2,1,4,1,0,0,0,0,0,0,0,0,1,0,0,0,0,0,0,0,0,0,1,0,0,0,0,1,0,0,0
132,0,2,2,1,1,1,2,2,2,3,1,1,1,0,0,0,0,0,0,0,0,1,0,1,1,1,1,1,1,1,1,1,1,1,1,1,1,1,1,0
161,0,3,3,3,3,3,3,3,3,3,1,3,1,0,0,0,0,0,0,0,0,1,0,0,0,0,0,0,0,0,0,0,0,1,0,0,0,0,0,0
163,0,2,2,2,3,2,3,4,2,5,2,4,2,0,0,0,0,0,0,0,1,0,0,0,0,0,0,0,0,0,1,0,0,0,0,0,0,0,0,0
168,0,4,1,1,4,1,3,3,1,4,1,1,1,2,0,0,0,0,0,0,0,1,0,0,0,1,0,0,0,0,0,0,0,0,0,0,1,0,0,0
170,0,3,2,1,2,1,2,3,1,2,1,2,1,0,0,2,0,0,0,0,0,1,0,0,0,0,0,0,0,0,1,0,0,0,0,0,0,0,0,0
175,0,2,1,1,3,1,2,2,2,1,1,4,3,0,0,0,0,0,0,0,0,1,0,1,0,0,0,0,0,0,0,0,0,0,0,0,1,0,0,0
179,0,2,2,1,2,2,1,2,1,1,1,3,1,1,0,0,0,0,0,0,0,0,1,1,1,1,0,0,0,0,0,0,0,0,0,0,1,0,0,0
185,0,2,2,2,2,2,2,2,2,2,1,3,2,0,0,0,0,0,0,0,0,0,1,0,0,0,0,0,0,0,0,0,0,0,0,0,0,0,0,1
190,0,2,1,1,2,1,1,1,1,3,1,2,1,1,2,0,0,0,1,0,0,0,0,0,0,0,0,0,0,0,0,0,0,0,0,0,0,1,0,1
191,0,3,2,2,2,1,1,2,1,3,1,3,1,2,0,1,0,0,0,0,0,0,1,0,0,0,0,0,0,0,0,0,0,0,0,0,1,0,0,1
218,0,2,2,2,2,2,2,2,2,3,1,2,2,0,0,0,0,0,0,0,0,1,0,0,0,0,0,0,0,0,0,0,0,0,0,0,1,0,0,0
226,0,1,1,1,2,1,2,2,1,2,1,4,2,0,0,0,0,0,0,0,0,1,0,0,0,0,0,0,0,0,1,0,0,0,0,0,1,0,0,0
228,0,2,2,2,3,1,1,1,1,3,1,4,2,0,0,0,0,0,0,0,0,0,1,0,0,1,0,0,0,0,0,0,0,0,0,0,0,0,0,0
242,0,2,2,1,4,2,2,2,2,4,1,4,2,0,0,2,0,0,0,0,0,0,1,1,0,0,0,0,1,0,1,1,1,0,0,0,1,0,1,0
245,0,2,2,1,1,1,2,3,1,1,2,2,2,0,0,0,1,0,0,0,0,0,0,1,0,0,0,1,0,0,0,0,0,0,0,0,1,1,1,0
249,0,2,1,2,2,1,2,2,1,2,1,4,2,0,0,0,0,0,0,0,1,0,0,1,0,1,0,0,0,0,1,0,0,0,0,0,1,1,1,1
265,0,1,1,1,1,1,1,1,1,1,1,3,1,0,0,0,0,0,0,0,0,1,0,1,0,0,0,0,0,0,1,0,1,1,0,0,1,0,0,0
4,0,1,2,1,2,1,1,1,1,1,1,3,2,0,0,0,0,0,0,0,0,0,1,0,0,0,0,0,0,0,0,0,0,0,0,0,0,1,0,0
10,0,1,1,1,2,1,1,1,1,3,1,1,1,1,0,4,0,0,0,0,0,0,1,0,0,0,0,0,0,0,0,1,0,0,0,0,0,1,0,0
21,0,1,1,1,3,1,1,1,1,3,1,2,2,0,0,0,0,0,0,0,1,1,0,0,0,0,0,0,0,0,0,0,0,0,0,0,1,0,0,0
22,0,1,2,2,3,1,2,3,2,2,1,2,2,2,0,0,0,0,0,0,0,0,1,0,0,0,1,0,0,0,0,0,1,0,0,0,1,0,0,1
25,0,3,4,2,1,1,2,2,1,3,2,1,2,0,0,0,0,0,0,0,0,0,1,1,0,0,0,1,1,0,0,0,0,1,0,0,0,0,0,0
30,0,1,1,1,5,1,1,1,1,3,1,3,1,0,0,0,0,0,0,0,0,1,0,0,0,0,0,0,0,0,0,1,0,0,0,0,0,0,0,0
50,0,1,1,1,2,1,1,1,1,3,1,4,1,0,0,0,1,0,0,0,0,0,0,1,0,0,0,0,0,0,1,0,0,0,0,0,1,0,0,0
51,0,2,2,2,2,1,2,2,2,2,1,3,3,0,2,1,0,0,0,0,1,0,0,1,0,0,0,0,0,0,0,0,0,0,0,0,1,0,1,0
59,0,1,2,2,2,1,1,2,2,2,2,2,1,2,0,0,0,0,0,0,1,0,0,0,1,0,0,0,0,0,0,0,0,0,0,0,0,0,0,0
63,0,3,1,1,1,1,1,1,1,2,1,4,2,0,0,4,0,0,0,0,0,1,0,0,0,0,0,0,1,0,0,1,0,1,1,0,0,0,0,0
64,0,1,1,1,2,1,1,1,1,2,1,3,1,3,0,0,0,0,0,0,0,1,0,0,0,0,0,0,0,0,0,0,0,0,0,0,1,0,0,1
65,0,2,1,1,1,1,2,2,2,3,2,2,2,0,1,0,0,0,0,0,0,0,1,1,0,0,0,0,0,0,0,0,0,0,0,0,0,0,0,0
80,0,2,2,2,2,2,2,2,2,3,1,3,1,1,0,1,0,0,0,0,0,1,0,0,0,0,0,0,0,0,0,0,0,0,0,0,1,0,0,0
91,0,2,2,2,2,1,1,1,1,3,1,1,1,0,0,0,0,0,0,0,0,1,0,0,0,0,0,0,0,0,1,1,1,0,0,0,1,0,1,0
93,0,2,1,1,2,2,2,3,2,3,1,2,1,1,0,0,0,0,0,0,0,1,0,0,0,0,0,0,0,0,0,0,0,0,0,0,1,0,0,0
102,0,1,2,1,2,1,2,2,2,2,1,3,1,0,0,2,0,0,0,0,0,0,1,0,0,0,0,0,0,0,0,1,0,0,0,0,1,0,0,0
108,0,1,1,1,1,1,1,1,1,1,1,3,1,0,0,1,0,0,0,0,0,1,0,1,0,0,0,0,0,0,0,0,0,0,0,1,0,0,0,0
128,0,1,1,1,1,1,1,1,1,1,1,3,1,0,0,0,0,0,0,0,0,0,1,1,0,0,0,0,0,0,0,0,0,0,0,0,1,0,0,0
131,0,1,1,2,4,1,1,1,1,1,1,4,2,0,0,0,0,0,0,0,0,1,0,0,0,0,0,0,0,0,0,0,0,0,0,1,1,0,0,0
141,0,1,1,1,1,1,1,1,1,1,1,2,1,2,0,0,0,0,0,0,0,1,0,0,0,0,0,0,0,0,0,0,0,0,0,0,0,0,0,1
153,0,2,1,2,4,1,2,2,1,3,1,2,3,0,0,0,0,0,0,0,1,0,0,1,0,0,0,0,0,0,0,0,0,0,0,0,1,0,1,0
158,0,1,1,1,1,1,1,1,1,2,1,2,2,0,0,0,0,0,0,0,1,0,0,1,0,0,0,0,0,0,0,0,0,0,0,0,1,0,0,0
183,0,2,2,1,2,1,1,1,1,2,1,3,2,3,0,0,0,0,0,0,0,0,1,0,0,0,0,1,1,0,1,0,0,0,0,0,0,0,1,1
184,0,2,3,2,3,2,2,3,2,2,1,3,1,0,0,0,0,0,0,0,0,1,0,1,0,0,0,0,1,0,0,0,1,0,0,0,1,0,0,0
186,0,1,1,1,1,1,1,1,1,3,1,4,1,0,0,0,0,0,0,0,0,1,0,0,0,0,0,0,0,0,0,0,0,0,0,0,1,0,0,0
198,0,2,2,1,2,1,1,1,1,3,2,3,2,1,1,0,0,0,1,0,0,0,0,1,0,0,0,0,0,0,1,0,0,0,0,1,1,1,1,1
199,0,1,1,1,1,1,1,1,1,1,2,2,1,0,0,0,0,0,0,0,0,0,1,1,0,1,0,1,1,0,0,1,0,0,0,0,1,0,0,0
202,0,2,1,1,2,1,2,2,1,2,1,4,1,0,0,0,0,0,0,0,0,0,1,1,0,0,0,0,0,0,0,0,0,0,0,0,1,1,1,1
205,0,2,2,1,2,1,2,2,2,3,1,2,2,0,0,0,0,0,0,0,0,1,0,0,0,0,0,0,0,0,0,0,0,0,0,0,1,0,0,0
206,0,2,3,1,1,1,3,3,2,4,2,3,1,0,0,0,0,0,0,0,0,0,1,0,0,0,0,0,0,0,0,1,0,1,0,0,1,0,0,0
216,0,3,2,2,3,1,3,3,2,2,1,2,1,0,0,0,0,0,0,0,1,0,0,0,0,0,0,1,0,0,0,0,0,0,0,0,1,0,0,0
217,0,1,1,1,2,1,1,2,2,2,1,3,1,0,0,0,0,0,0,0,1,0,0,1,0,0,0,0,0,0,1,0,0,0,0,1,1,0,1,1
225,0,3,2,3,2,1,1,1,2,2,2,4,2,0,0,0,0,0,0,0,0,1,0,0,1,0,0,0,0,0,0,0,0,0,0,0,0,0,0,0
236,0,5,2,1,5,1,3,5,2,3,1,3,3,2,0,2,0,0,0,0,0,0,1,0,0,1,0,0,0,0,0,0,1,0,0,0,0,0,0,1
253,0,2,2,1,3,1,1,1,1,3,1,2,2,1,0,0,0,1,0,0,0,0,0,0,0,0,0,0,0,0,0,0,0,0,0,0,1,0,0,1
254,0,2,1,1,1,1,1,1,1,2,1,3,3,0,2,0,0,0,0,0,0,0,1,0,0,1,0,1,1,0,1,0,1,1,0,0,0,0,1,0
3,0,2,1,1,2,1,1,1,1,3,1,1,1,0,0,1,0,0,0,0,0,1,0,0,0,0,0,1,0,0,0,0,0,0,1,0,1,1,0,0
13,0,1,1,1,1,1,2,2,1,3,1,3,1,0,0,1,0,0,0,0,0,0,1,0,0,0,0,0,1,0,1,0,0,0,0,0,0,0,0,0
18,0,1,1,1,1,1,1,1,1,1,1,2,1,2,0,0,0,0,0,0,0,1,0,0,0,0,0,0,0,0,0,0,0,0,0,0,0,0,0,1
31,0,3,2,1,1,2,2,2,2,2,2,3,2,0,0,0,0,0,0,0,1,0,0,0,0,1,0,0,0,0,1,0,0,0,0,0,0,0,0,0
43,0,1,1,1,2,1,1,1,1,2,2,2,1,0,0,1,0,0,1,0,0,0,0,0,0,0,1,0,0,0,1,1,1,0,0,0,1,0,1,0
53,0,1,2,2,4,2,3,3,1,5,1,3,2,0,0,0,0,0,0,0,0,0,1,0,0,0,0,0,0,0,1,0,0,0,0,0,0,0,0,0
61,0,2,2,1,2,2,1,2,1,2,1,3,1,0,15,0,0,0,0,0,0,1,0,1,0,0,0,0,1,0,0,0,0,1,0,0,0,0,1,0
78,0,3,1,1,2,1,1,1,2,2,1,3,1,0,1,1,0,0,0,0,0,1,0,0,0,0,0,0,1,0,1,1,0,0,1,0,1,0,0,0
79,0,2,3,2,4,1,3,3,2,3,2,1,2,0,0,0,0,0,0,0,1,0,0,0,0,0,0,0,0,0,0,0,0,0,0,0,1,1,0,0
92,0,2,1,1,2,1,1,2,1,2,1,2,1,1,1,0,0,0,0,0,0,1,0,0,0,1,0,0,0,0,0,0,0,0,0,0,0,0,0,1
106,0,3,2,1,1,1,1,1,1,1,2,4,1,0,0,0,0,0,0,1,0,0,0,1,0,0,0,0,1,0,1,0,1,0,1,0,1,0,0,0
109,0,2,2,1,2,1,2,2,1,3,1,1,3,1,3,1,0,0,0,0,0,1,0,0,0,0,0,0,0,0,0,1,0,0,0,0,0,1,0,0
110,0,1,1,1,1,1,1,1,3,3,1,2,2,2,1,0,0,0,0,0,0,0,1,1,0,0,0,0,0,0,0,0,0,0,0,0,0,0,0,1
116,0,3,1,1,1,1,1,2,1,3,1,1,1,0,0,0,0,0,0,0,0,0,1,0,0,0,0,1,0,0,0,0,0,0,0,0,1,1,0,0
130,0,3,2,2,2,1,1,2,1,3,1,3,1,0,0,0,0,0,0,0,0,0,1,0,0,0,0,0,0,0,0,0,0,0,1,0,0,0,0,0
137,0,2,2,1,3,1,3,3,2,3,1,1,1,0,0,0,0,0,0,0,0,0,1,0,0,1,0,1,1,0,0,0,0,0,0,0,1,0,1,0
139,0,2,2,2,2,2,2,2,2,2,1,3,3,0,0,0,0,0,1,0,0,0,0,0,0,0,0,0,0,0,0,0,0,0,1,0,0,0,0,0
145,0,2,2,1,2,1,1,1,1,2,1,3,2,0,0,2,0,0,0,0,0,1,0,0,0,0,0,0,0,0,0,0,0,0,0,0,1,0,1,0
150,0,2,1,1,1,1,1,1,1,2,1,2,1,0,0,0,0,0,0,0,0,1,0,1,0,0,0,0,0,0,0,0,0,0,0,0,1,1,0,0
157,0,1,1,1,1,2,2,2,2,2,2,2,2,1,0,0,0,0,0,0,0,0,1,1,0,0,0,0,0,1,0,0,0,0,0,0,1,1,1,1
162,0,2,2,1,1,1,1,1,1,2,1,3,2,0,0,0,0,0,0,0,0,0,1,0,0,1,0,0,0,0,0,0,0,0,0,0,1,0,0,0
169,0,1,1,2,1,1,1,1,1,3,1,4,1,0,0,0,0,0,1,0,0,0,0,0,0,1,0,0,0,0,0,0,0,1,0,0,0,0,0,0
174,0,1,1,1,2,1,1,1,1,1,1,1,2,0,1,2,0,0,0,0,0,0,1,0,0,0,0,0,0,0,0,1,0,0,0,0,1,0,1,0
187,0,1,1,1,2,1,1,1,1,2,1,3,2,0,0,0,0,0,0,0,0,1,0,1,0,0,0,0,0,0,1,0,0,0,0,0,0,0,0,1
193,0,1,1,1,1,1,1,1,1,1,1,3,2,0,0,0,0,0,0,0,0,1,0,0,0,0,0,0,0,0,0,0,0,0,0,0,1,0,0,0
213,0,1,2,1,2,1,1,1,1,1,1,3,2,0,0,0,0,0,0,0,0,1,0,0,0,0,0,0,0,0,1,0,0,0,0,0,0,0,0,0
227,0,2,2,2,2,1,2,1,1,3,1,3,2,0,0,1,0,0,0,0,0,0,1,0,0,0,0,0,0,0,0,0,0,0,1,0,0,0,0,0
241,0,1,1,1,1,1,1,1,1,1,1,1,3,0,0,1,0,0,0,1,0,0,0,0,0,1,0,1,1,1,0,0,0,0,1,0,0,0,0,0
250,0,1,3,1,5,1,5,3,1,5,2,3,1,0,0,0,0,0,0,0,1,0,0,1,0,0,0,0,0,1,0,1,1,0,0,0,0,0,0,0
255,0,2,2,1,2,1,2,2,2,3,2,3,2,0,0,0,0,1,0,0,0,0,0,0,0,0,0,0,1,0,0,0,0,0,0,0,0,0,1,0
258,0,1,1,1,1,1,1,1,1,1,2,2,1,0,0,0,0,0,0,0,1,0,0,0,1,0,0,1,0,0,0,0,0,0,0,0,0,0,0,0
292,1,1,2,1,1,1,2,1,1,2,1,3,2,0,0,0,0,0,0,0,0,0,1,0,0,0,0,0,1,0,1,0,0,1,1,1,1,0,1,0
306,1,1,3,1,4,1,2,2,2,4,1,2,1,1,0,0,0,0,0,0,0,1,0,0,0,0,0,0,0,0,0,0,0,0,0,0,0,1,0,1
314,1,1,1,1,1,1,1,1,1,1,1,2,3,0,0,0,0,0,0,0,0,0,1,1,1,1,0,1,0,0,0,0,0,1,0,0,1,1,1,0
332,1,1,2,1,1,1,2,2,2,2,1,2,3,2,0,0,0,0,0,0,0,1,0,0,0,0,0,1,0,0,0,0,0,0,1,0,1,0,0,0
346,1,2,2,1,1,1,2,2,1,2,1,3,3,1,0,0,0,0,0,0,0,0,1,1,1,1,0,1,0,1,0,0,0,1,0,1,1,1,1,1
347,1,1,2,2,2,1,2,2,1,2,1,2,2,1,0,0,0,0,0,0,0,0,1,0,0,0,0,0,0,0,0,0,0,0,0,1,0,0,1,1
357,1,1,2,1,1,1,2,2,1,2,1,2,3,2,0,0,0,0,0,0,0,1,0,0,0,0,0,1,0,0,0,0,0,1,0,0,0,0,0,0
366,1,2,1,1,1,1,1,1,2,2,1,1,1,0,0,0,0,0,0,0,1,0,0,1,1,0,1,1,0,0,0,0,0,1,1,0,1,0,1,0
369,1,1,1,1,1,1,1,3,1,2,1,2,2,0,0,0,0,0,0,0,0,0,1,0,0,0,0,0,0,0,1,0,0,0,0,0,1,1,0,0
397,1,1,1,1,2,1,2,2,2,2,1,2,2,0,0,0,0,0,0,0,1,0,0,0,0,0,0,1,1,0,1,0,0,0,1,0,1,1,1,0
417,1,1,3,1,1,1,1,1,1,1,1,3,3,1,1,1,0,0,0,0,0,0,1,0,0,0,0,1,0,0,0,0,0,0,0,0,1,0,0,0
421,1,2,2,2,3,1,2,2,1,2,2,2,3,0,0,0,0,1,0,0,0,0,0,1,0,0,0,1,0,0,1,0,0,0,0,0,1,0,1,0
430,1,2,2,1,1,1,1,2,1,2,1,2,1,0,0,0,0,0,0,0,0,0,1,0,0,0,0,0,1,0,0,1,1,0,1,0,1,0,0,0
434,1,2,2,1,1,1,2,2,2,2,2,2,3,1,0,0,0,1,0,0,0,0,0,0,0,0,1,0,1,0,1,0,0,0,0,0,1,1,0,1
467,1,1,2,1,2,1,2,2,1,3,2,2,2,2,0,0,0,0,0,0,0,0,1,0,0,0,0,1,0,0,1,0,0,0,0,0,1,1,0,1
469,1,1,1,1,2,2,2,3,1,3,1,3,2,0,1,0,0,0,0,0,0,0,1,0,0,0,0,0,0,0,1,0,0,0,0,0,1,0,1,0
270,1,2,2,2,2,2,2,3,2,2,1,3,1,0,0,1,0,0,0,0,0,0,1,1,0,0,0,0,1,0,1,1,1,1,1,0,0,0,0,0
272,1,2,2,2,1,1,1,1,1,1,2,2,1,0,0,0,0,0,0,0,0,0,1,1,0,0,0,0,1,0,0,0,0,0,0,0,1,0,0,0
274,1,2,2,1,2,1,2,2,1,3,2,4,3,0,0,0,0,0,0,0,0,0,1,0,0,0,0,0,0,1,0,0,0,0,0,0,0,0,0,0
275,1,2,1,1,1,1,2,2,1,1,1,3,2,0,0,2,0,0,0,0,1,0,0,0,0,0,0,1,1,0,1,0,0,0,1,0,1,1,0,0
279,1,2,2,1,2,1,1,1,1,2,1,3,1,0,0,0,0,0,0,0,0,0,1,1,0,0,1,0,1,1,0,0,1,1,0,0,1,1,1,0
305,1,1,1,1,1,1,1,1,1,1,1,2,2,2,0,0,0,0,0,0,0,0,1,0,0,0,0,0,0,0,0,0,0,0,0,0,1,0,0,0
309,1,1,1,1,1,1,1,1,1,2,1,3,1,0,0,0,0,0,0,0,0,1,0,1,0,0,0,0,1,0,1,0,1,0,0,0,1,0,0,0
310,1,1,1,1,1,1,1,2,1,2,2,3,2,2,0,0,0,0,0,0,0,0,1,1,1,0,1,1,1,0,0,0,1,0,0,1,1,1,0,1
311,1,1,2,2,1,1,2,2,1,3,1,3,2,0,0,0,0,0,0,0,0,0,1,1,0,0,0,0,0,0,0,0,0,0,0,0,1,0,0,0
322,1,2,2,1,1,1,2,2,1,2,1,3,2,0,0,0,0,0,0,0,0,0,1,1,0,0,0,1,0,0,1,0,0,0,1,0,0,0,0,1
323,1,1,2,1,1,1,1,1,1,2,2,2,1,0,0,0,0,0,0,0,1,0,0,1,0,0,0,0,1,0,0,1,1,1,0,0,0,0,1,0
324,1,1,1,1,1,1,2,2,2,2,2,2,2,0,0,0,0,0,0,0,0,0,1,0,0,0,0,1,1,0,0,0,0,0,0,0,1,0,1,0
329,1,1,2,1,2,1,2,2,1,3,1,2,2,0,0,0,0,0,0,1,0,0,0,0,1,0,0,1,1,0,0,0,0,1,0,0,1,0,0,0
330,1,1,1,1,1,1,1,1,1,3,1,2,3,0,0,0,0,0,0,0,0,0,1,0,0,0,0,1,0,0,0,0,0,0,1,0,1,0,0,0
333,1,1,1,1,1,1,1,1,1,1,1,3,2,0,0,0,0,0,0,0,0,0,1,0,0,0,0,0,0,0,0,0,0,0,0,0,0,0,0,0
336,1,2,2,1,1,1,2,2,1,2,1,2,1,0,0,0,0,0,0,0,1,0,0,0,0,1,0,1,1,0,1,0,1,0,0,0,1,1,1,0
337,1,1,3,2,1,1,2,2,1,2,1,3,3,0,0,0,0,0,0,0,0,1,0,1,0,0,0,0,1,0,0,0,0,0,1,0,0,0,1,0
339,1,1,2,2,3,2,3,4,2,2,1,4,3,0,0,0,0,0,0,1,0,0,0,1,0,0,0,0,0,0,0,0,0,0,1,1,1,1,0,0
345,1,2,2,1,2,1,2,2,1,2,1,3,3,1,0,0,0,0,0,0,0,0,1,1,1,1,0,1,0,1,0,0,0,1,0,1,1,1,1,1
348,1,1,2,1,3,1,2,2,1,3,1,1,1,0,0,0,0,0,0,0,0,0,1,1,0,0,0,1,0,0,0,0,0,0,0,0,1,0,0,0
349,1,1,4,1,1,1,5,5,4,5,1,2,2,0,0,0,0,0,0,0,0,0,1,1,0,0,0,1,0,0,0,0,0,0,0,0,1,1,1,0
361,1,1,1,1,1,1,1,1,1,1,1,3,1,0,0,0,0,0,0,0,0,0,1,0,0,0,0,0,1,0,1,0,0,0,0,0,1,0,1,0
371,1,2,2,2,2,1,3,2,2,4,1,2,3,0,0,2,0,0,0,0,0,0,1,0,0,0,0,0,0,0,0,0,0,0,0,0,1,0,0,0
375,1,1,1,1,1,1,2,1,1,1,1,3,3,0,0,0,0,0,0,0,1,0,0,1,0,0,0,0,1,0,1,0,0,0,1,0,1,0,1,0
379,1,2,1,2,1,2,2,3,2,2,1,3,2,0,0,0,0,0,0,1,0,0,0,1,0,0,0,1,0,0,0,0,0,1,0,0,1,0,0,0
384,1,2,2,2,3,1,2,2,1,4,2,3,2,0,0,0,0,0,0,0,0,0,1,1,0,1,0,0,0,0,0,0,0,0,0,0,1,0,0,0
385,1,1,1,1,1,1,1,1,1,2,1,2,3,0,0,0,0,0,0,0,0,0,1,1,0,0,0,1,1,0,1,0,0,0,1,0,1,0,1,0
388,1,2,1,1,1,1,1,2,1,2,1,3,2,0,0,0,0,0,0,0,0,0,1,0,0,1,0,0,1,0,0,0,1,1,1,0,1,0,1,0
400,1,2,2,1,1,1,1,2,1,1,1,3,2,0,0,3,0,0,0,0,1,0,0,1,0,0,0,0,0,0,0,0,0,0,0,1,1,1,1,0
401,1,1,1,1,1,1,2,2,1,1,1,3,3,3,0,0,0,0,0,0,1,0,0,1,1,0,0,0,0,0,0,0,0,0,0,0,1,1,0,1
429,1,1,2,1,1,1,1,2,2,2,1,1,1,0,0,0,0,0,0,0,0,0,1,1,0,0,0,1,0,0,0,0,0,0,0,0,1,0,0,0
431,1,2,1,1,2,1,1,1,1,2,1,3,3,0,0,0,0,0,0,0,0,0,1,1,0,0,0,0,0,0,0,0,0,1,1,0,1,1,1,0
433,1,1,1,2,1,1,1,1,1,2,1,3,3,0,2,0,0,0,0,0,1,0,0,1,0,0,0,0,0,0,0,0,0,1,0,1,1,1,0,1
444,1,1,1,1,1,1,1,1,1,1,1,2,1,0,0,0,0,0,0,0,1,0,0,1,0,1,0,0,1,0,1,1,1,1,1,0,0,0,1,0
450,1,1,1,1,1,1,1,1,1,1,2,3,2,1,0,1,0,0,0,0,0,0,1,1,0,0,0,0,0,0,0,1,0,0,0,0,1,0,0,1
454,1,2,3,1,2,1,2,2,2,2,1,1,2,0,0,0,0,0,0,0,0,0,1,0,0,1,1,1,1,0,1,0,1,0,1,0,0,0,0,0
457,1,2,2,1,1,1,2,2,1,2,2,3,3,2,0,0,0,0,0,0,1,0,0,0,0,0,0,0,1,0,0,0,0,0,0,0,1,0,0,1
470,1,1,1,1,1,1,1,1,1,1,1,2,1,1,0,0,0,0,0,0,0,0,1,1,0,0,0,0,0,0,0,0,0,0,0,0,0,0,0,1
472,1,3,3,2,2,2,2,2,2,2,2,4,3,0,0,1,0,0,0,0,1,0,0,0,0,0,0,0,1,0,1,0,0,0,0,0,1,1,1,0
480,1,1,2,1,1,1,1,1,1,1,1,3,2,0,0,0,0,0,0,0,1,0,0,0,0,1,0,0,0,0,1,0,0,0,0,0,1,0,0,0
269,1,1,2,2,2,2,2,3,2,3,1,2,2,1,0,0,0,0,0,0,0,0,1,0,0,0,0,0,0,0,1,0,0,0,1,0,1,0,0,1
273,1,1,3,2,1,1,2,2,1,5,1,1,1,0,0,0,0,0,0,0,0,0,1,0,0,0,0,0,0,0,0,0,0,0,1,1,1,0,0,0
285,1,1,2,2,2,2,2,2,1,2,2,4,2,0,0,0,0,0,0,0,1,0,0,1,0,0,0,0,0,0,0,1,0,0,0,0,1,0,1,0
286,1,2,2,2,2,1,2,2,2,2,1,3,3,0,0,0,0,0,0,0,0,0,1,1,0,0,0,0,0,0,1,0,0,0,0,1,1,0,1,0
288,1,1,1,1,1,1,2,2,2,2,1,3,2,0,0,1,0,0,0,0,0,0,1,0,0,0,0,0,0,0,0,0,0,0,0,0,1,0,0,0
289,1,1,2,1,1,1,1,2,2,2,1,1,1,0,0,0,0,0,0,0,0,0,1,1,0,0,0,0,0,0,0,0,0,0,0,0,0,0,0,0
290,1,1,2,1,1,1,1,1,1,2,1,3,3,2,0,0,0,0,0,0,0,1,0,1,0,0,0,0,0,0,0,0,0,0,1,1,1,1,1,1
291,1,2,2,1,1,1,4,2,1,4,1,2,3,0,0,0,0,0,0,0,0,0,1,1,0,0,0,0,0,0,0,0,0,0,0,0,0,1,0,0
298,1,1,2,1,2,1,2,2,1,2,2,3,3,0,0,0,0,0,0,0,0,0,1,1,0,1,0,0,0,0,0,0,0,0,0,0,1,0,1,0
300,1,4,1,1,1,1,2,2,1,4,1,3,3,0,2,0,0,0,0,0,0,1,0,0,0,1,0,1,1,0,0,0,0,0,0,0,1,1,1,0
303,1,1,1,1,1,1,1,1,1,1,2,2,2,0,0,0,0,0,0,0,0,0,1,0,0,0,0,1,0,0,0,0,0,0,0,0,1,0,0,0
308,1,1,1,1,1,1,1,1,1,1,1,2,1,0,0,0,0,0,0,0,0,0,1,0,0,0,0,0,0,0,0,0,0,0,0,0,0,0,0,0
317,1,1,3,3,3,1,2,3,2,1,1,2,2,1,0,0,0,0,0,1,0,0,0,1,0,1,0,0,0,0,1,0,1,0,1,0,1,1,0,1
318,1,1,1,1,1,1,1,2,2,3,1,2,2,2,1,0,1,0,0,0,0,0,0,0,0,0,0,1,0,0,0,0,0,0,0,0,0,0,0,1
320,1,1,2,1,1,1,2,2,2,2,1,3,2,2,1,1,0,0,0,0,1,0,0,0,0,0,0,1,0,0,0,0,0,0,0,0,0,0,0,1
326,1,3,2,2,2,1,2,2,2,2,2,3,1,0,1,2,0,0,0,0,0,0,1,0,0,0,0,0,0,1,0,0,0,0,0,0,1,0,1,0
327,1,1,1,1,1,1,1,1,1,5,1,1,1,0,0,0,0,0,0,0,0,1,0,0,0,1,0,0,0,0,0,0,0,0,0,0,1,0,1,0
331,1,1,2,1,2,1,1,2,1,2,1,3,3,0,0,1,0,0,0,0,1,0,0,0,0,0,0,0,0,0,0,0,0,0,0,0,1,1,0,1
334,1,1,1,2,2,1,2,2,2,3,2,4,1,0,0,0,0,0,0,0,0,0,1,0,0,0,0,0,0,0,0,1,0,1,0,0,0,0,0,0
340,1,1,2,2,2,2,1,2,2,2,2,4,1,0,0,0,0,0,0,0,0,0,1,0,0,0,0,0,0,0,0,1,0,1,0,0,1,0,0,0
341,1,2,3,3,2,1,2,2,1,2,1,3,3,0,0,0,0,0,0,0,0,0,1,1,0,0,0,0,0,0,1,0,0,0,0,1,1,0,1,0
342,1,2,2,1,1,1,1,1,1,2,1,4,2,0,0,0,0,0,0,0,1,0,0,1,0,0,0,0,1,0,0,0,0,0,0,0,1,0,1,0
343,1,1,1,1,1,1,1,1,1,1,1,2,2,1,1,0,0,0,0,0,0,0,1,0,0,0,0,1,0,0,0,0,0,0,0,0,0,0,1,1
344,1,2,3,1,1,1,1,2,1,3,1,2,2,0,0,0,0,0,0,0,0,1,0,0,0,0,0,0,1,0,1,0,0,1,1,0,1,0,0,0
354,1,1,1,1,1,1,1,1,1,1,1,1,1,0,1,0,0,0,1,0,0,0,0,1,0,0,0,0,1,0,0,0,0,0,1,0,1,0,0,1
355,1,2,2,2,2,2,2,2,2,3,1,3,2,0,0,0,0,0,0,0,0,1,0,0,1,0,0,1,0,0,1,1,0,0,0,0,1,0,0,0
356,1,1,1,1,1,1,1,2,1,2,1,3,2,0,0,0,0,0,0,0,1,0,0,1,0,0,0,0,0,0,1,1,0,1,0,0,1,0,1,1
368,1,2,3,1,2,1,3,3,2,3,1,2,1,0,0,0,0,0,0,0,0,0,1,0,0,0,0,1,0,0,0,0,1,0,0,0,1,0,0,0
372,1,1,2,1,2,2,1,2,2,2,2,2,1,4,0,0,0,0,0,0,0,0,1,1,0,0,0,0,0,0,0,0,1,0,0,0,0,1,0,1
373,1,2,2,1,2,1,2,2,1,2,1,2,1,0,0,0,0,0,0,0,1,0,0,0,0,0,0,0,0,0,0,0,0,0,0,0,0,0,0,0
376,1,2,2,2,1,1,2,2,2,2,1,2,2,0,0,0,0,0,0,0,0,0,1,1,0,0,0,0,0,0,0,0,0,0,0,0,0,1,0,0
381,1,1,2,1,1,1,2,2,1,2,1,2,1,0,0,0,0,0,0,0,1,0,0,0,0,0,0,0,1,0,0,1,0,1,1,0,1,1,1,0
383,1,2,2,1,1,1,1,2,1,2,2,2,2,2,0,0,0,0,0,0,0,0,1,1,0,0,0,0,0,0,0,1,0,0,0,0,1,1,1,1
386,1,2,2,1,2,1,2,3,1,3,2,3,1,0,0,0,0,0,0,0,0,0,1,0,1,1,1,1,1,1,0,1,0,1,0,0,1,1,1,0
387,1,2,1,1,2,1,1,3,2,3,2,2,2,0,0,0,0,0,0,0,0,0,1,1,0,0,1,1,1,0,0,0,0,1,0,0,1,0,1,0
391,1,1,1,1,1,1,2,2,2,3,1,3,3,2,0,0,0,0,0,0,0,0,1,0,0,0,0,0,0,0,0,0,0,0,0,0,0,0,0,1
393,1,2,2,1,1,2,2,2,2,2,1,2,1,1,1,0,0,0,0,0,0,0,1,0,0,0,0,1,1,0,1,0,1,1,1,0,1,1,0,1
394,1,3,2,2,2,1,2,3,1,2,1,3,3,0,0,0,0,0,0,0,0,0,1,1,0,1,0,0,0,0,1,1,0,0,0,0,1,0,0,0
399,1,3,3,1,3,1,2,1,1,1,1,2,3,0,0,0,0,1,0,0,0,0,0,1,0,0,1,0,0,0,1,0,0,0,0,0,1,0,0,0
404,1,2,2,1,1,1,2,2,1,2,1,2,3,2,0,0,0,0,0,0,0,0,1,1,0,0,0,1,1,0,0,0,0,0,1,1,1,1,1,1
406,1,1,2,1,1,1,1,1,1,2,1,1,2,0,0,0,0,0,0,0,0,0,1,0,0,0,0,0,0,0,0,0,0,0,0,0,1,1,1,0
410,1,2,1,1,1,1,1,1,1,2,1,3,2,0,0,0,0,0,0,0,1,0,0,1,0,0,0,0,0,0,0,0,0,0,0,0,1,0,1,0
414,1,2,1,1,2,1,1,2,1,3,2,3,3,0,0,0,0,0,0,0,0,0,1,0,0,0,0,0,0,0,0,0,0,0,0,0,1,1,0,0
415,1,2,3,3,2,1,2,1,1,1,1,3,2,0,0,0,0,0,0,0,0,0,1,0,0,0,0,0,0,0,0,0,0,0,0,0,1,0,0,0
419,1,1,1,1,2,1,1,1,1,1,1,2,2,1,0,0,0,0,0,0,1,0,0,1,0,0,0,1,1,0,0,0,1,1,0,0,1,1,1,1
423,1,1,1,1,2,1,2,2,1,2,2,3,1,0,0,0,0,0,0,0,0,0,1,0,0,0,0,0,0,0,1,0,0,0,0,0,1,1,0,0
436,1,1,1,1,1,1,1,2,1,3,2,2,1,0,0,0,0,0,0,0,0,0,1,0,0,0,0,0,0,0,0,0,0,0,0,0,1,0,0,0
452,1,2,2,2,2,1,2,2,2,3,1,3,3,0,2,0,0,0,0,0,1,0,0,0,0,0,0,1,0,0,1,0,1,0,0,1,0,1,1,0
455,1,2,2,4,2,1,2,2,4,2,1,2,3,0,0,0,0,0,0,0,1,0,0,1,0,0,0,1,1,0,1,0,1,1,0,0,1,0,1,0
456,1,2,2,1,1,1,2,2,1,3,2,4,2,0,0,0,0,0,0,0,1,0,0,0,0,1,0,0,1,0,1,0,0,1,0,0,0,0,1,0
459,1,1,2,1,3,1,2,2,1,3,1,1,1,0,0,0,0,0,0,0,0,0,1,1,0,0,0,1,0,0,0,0,0,0,0,0,0,1,0,0
463,1,1,1,1,1,1,1,1,1,1,2,1,3,0,0,0,0,0,0,1,0,0,0,0,1,0,0,0,0,0,0,0,0,0,0,0,0,0,0,0
476,1,2,1,1,1,1,1,2,1,3,2,2,1,0,0,0,0,0,0,0,0,0,1,0,0,0,0,0,0,0,0,0,0,0,0,0,0,0,0,0
478,1,1,1,1,1,1,1,1,1,1,1,3,2,0,0,1,0,0,0,0,0,0,1,1,0,0,0,1,0,0,0,0,0,0,0,0,1,0,1,0
481,1,2,2,1,1,1,2,2,2,2,1,3,1,0,2,0,0,0,0,0,0,0,1,0,0,0,0,0,0,0,0,0,0,0,0,0,1,1,0,1
268,1,1,1,1,1,1,1,1,1,1,1,2,1,0,2,0,0,0,0,0,0,0,1,0,0,0,0,0,0,0,0,0,0,0,0,0,1,0,0,0
280,1,1,1,1,1,1,2,1,1,3,1,3,2,2,0,0,0,0,0,0,0,1,0,1,0,0,0,0,0,0,1,0,0,0,0,0,1,1,0,1
283,1,2,2,1,1,1,1,1,1,1,1,3,2,1,0,0,0,0,0,0,0,0,1,0,0,1,0,1,0,0,0,0,0,0,0,1,1,0,1,0
293,1,3,1,1,2,1,2,2,1,2,1,2,2,0,0,0,0,0,0,0,1,0,0,0,0,0,0,1,1,0,0,0,1,0,1,0,1,0,0,0
302,1,2,2,2,1,1,2,2,2,4,1,3,3,0,0,0,0,0,0,0,0,0,1,0,0,0,0,0,1,0,1,0,1,1,0,0,1,1,0,0
307,1,1,1,2,1,1,1,1,1,1,1,2,1,0,0,0,0,0,0,0,0,0,1,0,0,0,0,0,0,0,0,0,0,0,0,0,0,0,0,0
312,1,1,1,1,1,1,2,3,1,2,1,2,1,0,0,0,0,0,0,0,0,1,0,0,0,0,0,0,0,0,0,0,0,0,0,0,0,0,0,0
321,1,2,3,2,3,1,2,3,2,3,1,3,2,0,1,4,1,0,0,0,0,0,0,0,0,1,0,0,0,0,1,0,0,0,0,0,0,0,0,0
325,1,1,1,1,1,1,1,1,1,1,1,2,1,1,1,0,0,0,0,0,0,0,1,0,0,1,0,0,1,0,0,0,0,0,0,0,0,1,0,1
328,1,2,2,2,2,1,2,2,2,2,1,2,2,0,0,0,0,0,0,0,1,0,0,1,0,0,0,0,0,0,0,0,0,1,1,0,1,0,1,0
338,1,1,2,2,2,1,1,2,1,2,2,3,3,0,0,0,0,0,0,0,0,0,1,0,0,0,0,0,0,0,0,0,0,0,0,0,1,1,0,0
351,1,3,2,1,2,1,1,1,1,3,1,3,2,0,0,1,0,0,0,0,0,0,1,0,0,0,0,0,0,0,1,0,0,0,0,0,1,0,0,0
352,1,1,1,1,1,1,2,1,1,2,1,2,1,0,0,0,0,0,0,0,1,0,0,0,0,0,0,1,0,0,0,0,0,0,0,0,0,0,0,0
353,1,2,3,2,1,1,2,2,2,3,1,1,1,0,0,0,0,0,0,0,1,0,0,0,0,0,0,1,1,0,0,0,0,0,0,0,1,1,1,0
360,1,1,1,1,1,1,2,2,1,3,1,3,2,2,1,2,1,0,0,0,0,0,0,0,0,0,0,0,1,0,0,0,0,0,0,0,0,0,0,1
363,1,2,2,2,2,1,1,2,1,1,1,2,1,0,0,0,0,0,0,0,1,0,0,0,0,0,0,0,0,0,0,0,0,0,0,0,0,0,0,0
370,1,1,3,1,2,1,2,2,2,2,2,3,3,1,1,0,1,0,0,0,0,0,0,1,0,0,0,0,0,0,0,0,0,0,0,0,0,1,0,1
374,1,1,2,1,1,1,1,1,1,1,1,2,2,0,0,0,0,0,0,0,0,0,1,0,0,0,0,0,0,0,0,0,0,0,0,0,0,0,0,0
378,1,2,2,3,1,1,2,2,1,2,1,2,3,3,0,0,0,0,0,0,0,0,1,1,0,0,0,0,0,0,0,0,1,1,0,0,0,1,1,1
389,1,1,1,1,1,1,2,2,1,2,1,2,1,2,0,0,0,0,0,0,0,0,1,0,0,0,0,0,1,0,0,1,1,0,0,0,0,1,0,1
390,1,2,2,1,2,1,1,2,1,2,2,3,3,2,2,0,0,0,0,0,0,0,1,1,0,0,0,0,0,1,1,0,0,0,0,0,1,1,0,1
395,1,1,1,1,3,1,1,1,1,1,1,3,2,0,0,0,0,0,0,0,0,0,1,0,0,0,0,0,0,0,0,0,0,0,0,0,0,0,1,0
396,1,1,1,1,1,1,1,2,1,2,1,3,3,0,0,0,0,0,0,0,0,1,0,0,0,0,1,0,0,0,1,0,0,0,1,0,1,1,0,0
402,1,1,1,1,1,1,1,1,1,1,1,2,1,0,0,0,0,0,0,0,0,0,1,1,0,0,0,0,0,0,0,0,0,0,0,1,1,0,1,0
407,1,2,2,2,1,1,2,2,1,3,2,2,3,0,0,0,0,0,0,0,0,0,1,0,0,0,0,0,0,0,0,0,0,0,0,0,0,0,0,0
408,1,2,2,1,1,1,2,2,1,2,1,1,2,0,0,0,0,0,0,0,0,0,1,0,0,0,0,1,0,0,1,1,0,1,1,0,1,0,0,0
412,1,2,2,2,2,1,2,2,1,2,1,3,3,0,0,0,0,0,0,0,1,0,0,0,0,0,0,1,1,0,0,0,0,0,0,0,0,0,0,0
413,1,1,1,2,2,1,2,2,2,5,1,2,2,0,0,0,0,0,0,1,0,0,0,0,0,0,0,0,1,0,0,0,0,0,0,0,1,0,1,0
416,1,1,2,1,1,1,1,1,1,2,2,2,2,0,0,0,0,0,0,0,0,0,1,0,0,0,0,0,0,0,0,0,0,1,0,0,0,0,0,0
420,1,1,1,1,1,1,1,1,1,1,1,2,1,0,0,0,0,0,0,0,0,0,1,1,0,0,0,0,0,0,0,0,0,0,0,0,1,1,0,1
424,1,2,1,1,1,1,2,2,1,2,1,2,2,0,0,0,0,0,0,0,0,0,1,0,0,0,0,0,1,0,0,0,0,0,1,0,1,0,0,0
426,1,2,2,2,3,1,2,2,1,3,1,2,3,1,0,0,0,0,0,0,0,0,1,0,0,0,0,0,0,0,0,0,0,0,0,0,1,0,1,1
427,1,1,1,2,3,1,2,1,1,3,1,2,3,0,0,0,0,0,0,0,0,0,1,0,0,0,0,0,1,0,1,0,1,0,1,0,0,0,0,0
439,1,1,1,1,1,1,1,1,1,1,2,2,3,2,0,4,0,0,0,0,0,0,1,0,0,0,0,1,1,0,0,0,0,0,0,0,1,1,0,0
440,1,2,1,1,1,1,2,2,1,1,1,2,3,2,0,0,0,0,0,0,1,0,0,1,0,1,0,1,1,0,0,0,1,0,1,0,1,1,1,1
446,1,1,1,1,1,1,1,1,1,2,1,3,2,0,1,0,0,0,0,0,0,1,0,0,0,0,0,0,0,0,0,0,0,0,0,0,0,0,0,0
449,1,2,2,2,2,1,2,2,1,6,1,3,2,0,0,0,1,0,0,0,0,0,0,0,0,0,0,1,0,0,1,1,0,0,0,0,0,0,0,0
458,1,2,2,2,2,2,2,2,2,2,1,3,2,0,0,0,0,0,0,0,0,0,1,1,0,0,0,0,0,0,0,0,0,0,0,0,1,0,1,0
471,1,2,2,1,3,1,1,2,1,2,1,2,1,2,0,0,0,0,0,0,0,0,1,1,0,0,0,0,0,0,0,0,0,0,0,0,1,0,0,1
473,1,1,2,2,2,2,2,2,2,1,1,3,3,0,3,0,0,0,0,0,0,0,1,1,0,0,0,0,0,0,1,0,0,0,0,0,1,0,1,0
474,1,1,1,1,1,1,1,1,1,1,1,3,3,0,0,0,0,0,0,0,1,0,0,0,0,0,0,0,0,0,0,1,0,1,1,0,1,0,1,0
475,1,1,1,1,1,1,1,1,1,1,2,3,2,2,0,0,0,0,0,0,0,0,1,0,1,0,0,0,0,1,1,0,0,1,1,0,1,1,0,0
477,1,1,1,1,2,1,1,2,1,2,2,2,1,0,0,0,0,0,0,0,0,0,1,1,1,0,0,1,1,1,0,0,1,0,0,0,1,1,1,0
479,1,2,2,1,1,1,2,2,1,2,1,4,1,0,0,0,0,0,0,0,1,0,0,1,0,0,0,0,0,0,1,0,0,0,1,0,0,0,0,1
281,1,2,1,2,1,1,2,2,1,3,1,1,1,0,0,0,0,0,0,0,0,0,1,1,0,0,0,0,0,0,0,0,0,0,1,0,0,0,0,0
296,1,1,1,1,1,1,2,2,2,3,1,2,2,1,1,0,0,0,0,0,0,0,1,0,0,0,0,0,0,0,0,0,0,0,0,0,1,0,1,1
301,1,2,3,1,2,1,2,2,2,2,1,3,3,0,2,0,0,0,0,0,0,1,0,0,0,0,0,0,0,0,0,0,0,0,0,0,0,0,0,0
313,1,1,1,1,2,1,1,1,1,3,1,3,2,0,0,0,0,0,0,0,0,0,1,0,0,0,0,0,0,0,0,0,0,0,0,0,0,0,0,0
319,1,2,3,2,1,1,2,2,1,3,1,2,2,0,0,0,0,0,0,0,0,0,1,1,0,0,0,0,1,0,0,0,0,0,0,0,0,0,1,0
377,1,3,2,3,1,1,2,2,2,3,1,2,1,0,0,0,0,0,0,0,0,0,1,0,0,0,0,0,1,0,0,0,1,1,1,0,1,0,1,0
392,1,2,1,1,1,1,2,2,2,2,1,1,3,0,1,2,0,0,0,1,0,0,0,1,0,0,0,1,1,0,0,0,0,0,1,0,1,0,0,0
398,1,2,2,2,4,1,2,2,1,1,1,2,2,0,0,0,0,0,0,0,0,0,1,0,0,0,0,0,0,0,0,0,0,0,0,0,1,1,1,0
403,1,1,1,1,1,1,2,1,1,1,1,1,1,0,0,0,0,0,0,0,1,0,0,0,0,0,0,0,0,0,0,0,0,0,1,0,0,0,0,0
418,1,1,1,1,2,1,2,2,1,2,1,3,2,1,0,0,1,0,0,0,0,0,0,0,0,0,0,0,0,0,0,0,0,0,0,0,1,1,0,1
422,1,1,1,1,1,1,1,1,1,3,1,3,1,0,1,0,0,0,0,0,0,0,1,0,0,0,0,0,0,0,0,0,0,0,1,1,0,0,0,0
425,1,2,2,1,1,1,1,2,1,1,1,3,2,0,0,1,0,0,0,0,1,0,0,1,0,1,0,0,0,0,0,0,1,1,0,0,1,0,0,0
428,1,2,2,2,2,1,1,1,1,1,1,2,2,2,0,0,0,0,0,0,0,0,1,1,0,0,0,1,1,0,0,0,1,0,0,0,1,1,1,1
432,1,2,2,2,2,1,2,2,2,2,1,2,2,3,0,0,0,0,0,0,0,0,1,0,0,0,0,1,1,0,0,0,1,0,0,0,1,1,0,0
435,1,1,1,1,1,1,1,1,1,1,1,2,2,1,0,0,0,0,0,0,0,0,1,1,0,1,1,1,0,0,0,0,0,1,0,0,0,1,0,0
437,1,1,1,1,1,1,2,2,1,3,1,2,2,0,0,0,0,0,0,0,1,0,0,1,0,1,0,1,1,0,1,0,1,0,0,1,1,1,1,0
438,1,1,2,1,2,1,2,2,1,3,1,3,2,0,2,0,0,0,0,0,0,0,1,1,0,0,0,0,0,0,1,0,0,0,0,0,0,0,0,0
442,1,1,1,1,1,1,1,1,1,1,1,3,2,0,1,0,0,0,0,0,0,0,1,1,0,0,0,1,0,0,1,0,0,0,0,0,1,0,1,1
443,1,5,5,2,2,1,2,2,1,3,1,2,3,2,0,0,0,0,0,0,0,0,1,0,0,0,0,0,0,0,0,0,0,0,1,0,1,1,0,1
448,1,1,2,1,1,1,1,1,1,1,1,2,2,1,0,0,0,0,0,0,0,0,1,0,0,0,0,0,0,0,0,0,0,0,0,0,1,0,0,1
460,1,2,2,1,2,1,1,2,1,2,1,3,2,0,0,0,0,0,0,0,0,0,1,0,0,1,0,0,0,0,0,0,0,0,0,0,0,1,0,0
461,1,1,2,2,1,1,2,3,1,3,2,2,1,0,0,0,0,0,0,0,1,0,0,0,0,0,0,0,1,0,0,0,0,1,0,0,0,0,0,0
462,1,1,2,2,1,1,1,2,1,3,1,2,1,0,0,0,0,0,0,0,0,0,1,0,0,0,0,0,0,0,1,0,0,0,0,0,1,1,1,0
468,1,1,1,1,1,1,1,1,1,1,1,2,2,1,1,0,0,0,0,0,0,0,1,0,0,0,0,1,0,0,0,0,0,0,0,0,0,0,0,1
